{
  "tools": {
    "axe": {
      "name": "Axe",
      "icon": "minecraft:diamond_axe",
      "toollist": [
        "appliedenergistics2:item.ToolCertusQuartzAxe",
        "appliedenergistics2:item.ToolNetherQuartzAxe",
        "minecraft:diamond_axe",
        "minecraft:golden_axe",
        "minecraft:iron_axe",
        "minecraft:stone_axe",
        "minecraft:wooden_axe"
      ],
      "blocklist": [
        "GalaxySpace:barnardaclog/0",
        "MorePlanet:alien_log/0",
        "MorePlanet:ancient_dark_leaves",
        "MorePlanet:crystal_leaves",
        "MorePlanet:crystal_log",
        "MorePlanet:europa_log/0",
        "MorePlanet:fronos_leaves",
        "MorePlanet:fronos_leaves2",
        "MorePlanet:fronos_log",
        "MorePlanet:nibiru_log",
        "MorePlanet:orange_leaves",
        "TwilightForest:tile.TFLeaves",
        "TwilightForest:tile.TFLog",
        "TwilightForest:tile.TFMagicLeaves",
        "TwilightForest:tile.TFMagicLog",
        "harvestcraft:pamCinnamon/0",
        "harvestcraft:pamMaple/0",
        "harvestcraft:pamPaperbark/0",
        "hbm:tile.pink_log/0",
        "minecraft:fence",
        "minecraft:leaves",
        "minecraft:leaves2",
        "minecraft:log",
        "minecraft:log2"
      ]
    },
    "hoe": {
      "name": "Hoe",
      "icon": "minecraft:diamond_hoe",
      "toollist": [
        "appliedenergistics2:item.ToolCertusQuartzHoe",
        "appliedenergistics2:item.ToolNetherQuartzHoe",
        "minecraft:diamond_hoe",
        "minecraft:golden_hoe",
        "minecraft:iron_hoe",
        "minecraft:stone_hoe",
        "minecraft:wooden_hoe"
      ],
      "blocklist": [
        "minecraft:carrots",
        "minecraft:melon_block",
        "minecraft:potatoes",
        "minecraft:pumpkin",
        "minecraft:wheat"
      ]
    },
    "pickaxe": {
      "name": "Pickaxe",
      "icon": "minecraft:diamond_pickaxe",
      "toollist": [
        "appliedenergistics2:item.ToolCertusQuartzPickaxe",
        "appliedenergistics2:item.ToolNetherQuartzPickaxe",
        "hbm:item.alloy_pickaxe",
        "hbm:item.bismuth_pickaxe",
        "hbm:item.chlorophyte_pickaxe",
        "hbm:item.cmb_pickaxe",
        "hbm:item.cobalt_decorated_pickaxe",
        "hbm:item.cobalt_pickaxe",
        "hbm:item.elec_pickaxe",
        "hbm:item.mese_pickaxe",
        "hbm:item.schrabidium_pickaxe",
        "hbm:item.starmetal_pickaxe",
        "hbm:item.steel_pickaxe",
        "hbm:item.titanium_pickaxe",
        "hbm:item.volcanic_pickaxe",
        "minecraft:diamond_pickaxe",
        "minecraft:golden_pickaxe",
        "minecraft:iron_pickaxe",
        "minecraft:stone_pickaxe",
        "minecraft:wooden_pickaxe"
      ],
      "blocklist": [
        "GalacticraftCore:tile.gcBlockCore/5",
        "GalacticraftCore:tile.gcBlockCore/6",
        "GalacticraftCore:tile.gcBlockCore/7",
        "GalacticraftCore:tile.gcBlockCore/8",
        "GalacticraftCore:tile.moonBlock/0",
        "GalacticraftCore:tile.moonBlock/1",
        "GalacticraftCore:tile.moonBlock/2",
        "GalacticraftMars:tile.asteroidsBlock/3",
        "GalacticraftMars:tile.asteroidsBlock/4",
        "GalacticraftMars:tile.asteroidsBlock/5",
        "GalacticraftMars:tile.mars/0",
        "GalacticraftMars:tile.mars/1",
        "GalacticraftMars:tile.mars/2",
        "GalacticraftMars:tile.mars/3",
        "GalaxySpace:barnardacores/0",
        "GalaxySpace:barnardacores/1",
        "GalaxySpace:barnardacores/2",
        "GalaxySpace:barnardacores/3",
        "GalaxySpace:barnardacores/4",
        "GalaxySpace:barnardacores/5",
        "GalaxySpace:barnardacores/6",
        "GalaxySpace:barnardacores/7",
        "GalaxySpace:barnardacores/8",
        "GalaxySpace:barnardacores/9",
        "GalaxySpace:barnardacores/10",
        "GalaxySpace:barnardacores/11",
        "GalaxySpace:barnardacores/12",
        "GalaxySpace:ceresblocks/2",
        "GalaxySpace:enceladusblocks/2",
        "GalaxySpace:europablocks/3",
        "GalaxySpace:europablocks/4",
        "GalaxySpace:europablocks/5",
        "GalaxySpace:ganymedeblocks/2",
        "GalaxySpace:ganymedeblocks/3",
        "GalaxySpace:ioblocks/3",
        "GalaxySpace:ioblocks/4",
        "GalaxySpace:marsoresblocks/0",
        "GalaxySpace:marsoresblocks/1",
        "GalaxySpace:marsoresblocks/2",
        "GalaxySpace:marsoresblocks/3",
        "GalaxySpace:marsoresblocks/4",
        "GalaxySpace:marsoresblocks/5",
        "GalaxySpace:mercuryblocks/3",
        "GalaxySpace:mercuryblocks/4",
        "GalaxySpace:mirandablocks/3",
        "GalaxySpace:mirandablocks/4",
        "GalaxySpace:ores/0",
        "GalaxySpace:ores/1",
        "GalaxySpace:ores/3",
        "GalaxySpace:proximabblocks/5",
        "GalaxySpace:proximabblocks/6",
        "GalaxySpace:proximabblocks/7",
        "GalaxySpace:proximabblocks/8",
        "GalaxySpace:proximabblocks/9",
        "GalaxySpace:proximabblocks/10",
        "GalaxySpace:tritonblocks/5",
        "GalaxySpace:venusblocks/2",
        "GalaxySpace:venusblocks/3",
        "MorePlanet:dark_asteroid_block/3",
        "MorePlanet:dark_asteroid_block/4",
        "MorePlanet:dark_asteroid_block/5",
        "MorePlanet:dark_asteroid_block/6",
        "MorePlanet:dark_asteroid_block/7",
        "MorePlanet:dark_asteroid_block/8",
        "MorePlanet:dark_asteroid_block/9",
        "MorePlanet:dark_asteroid_block/10",
        "MorePlanet:deimos_block/4",
        "MorePlanet:deimos_block/5",
        "MorePlanet:deimos_block/6",
        "MorePlanet:deimos_block/7",
        "MorePlanet:diona_block/4",
        "MorePlanet:diona_block/5",
        "MorePlanet:diona_block/6",
        "MorePlanet:diona_block/7",
        "MorePlanet:diona_block/8",
        "MorePlanet:diona_block/9",
        "MorePlanet:fronos_block/2",
        "MorePlanet:fronos_block/3",
        "MorePlanet:fronos_block/4",
        "MorePlanet:fronos_block/5",
        "MorePlanet:fronos_block/6",
        "MorePlanet:fronos_block/7",
        "MorePlanet:fronos_block/8",
        "MorePlanet:fronos_block/9",
        "MorePlanet:fronos_block/10",
        "MorePlanet:fronos_block1/0",
        "MorePlanet:fronos_block1/1",
        "MorePlanet:fronos_block1/2",
        "MorePlanet:fronos_block1/3",
        "MorePlanet:fronos_ore/0",
        "MorePlanet:kapteyn-b_block/4",
        "MorePlanet:kapteyn-b_block/5",
        "MorePlanet:kapteyn-b_block/6",
        "MorePlanet:kapteyn-b_block/7",
        "MorePlanet:kapteyn-b_block/8",
        "MorePlanet:kapteyn-b_block/9",
        "MorePlanet:koentus_block/4",
        "MorePlanet:koentus_block/5",
        "MorePlanet:koentus_block/6",
        "MorePlanet:koentus_block/7",
        "MorePlanet:koentus_block/8",
        "MorePlanet:mercury_block/4",
        "MorePlanet:mercury_block/5",
        "MorePlanet:mercury_block/6",
        "MorePlanet:mercury_block/7",
        "MorePlanet:mercury_block/8",
        "MorePlanet:metallic_rock/0",
        "MorePlanet:nibiru_block/4",
        "MorePlanet:nibiru_block/5",
        "MorePlanet:nibiru_block/6",
        "MorePlanet:nibiru_block/7",
        "MorePlanet:nibiru_block/8",
        "MorePlanet:oil_rock/0",
        "MorePlanet:oil_rock/1",
        "MorePlanet:phobos_block/4",
        "MorePlanet:phobos_block/5",
        "MorePlanet:phobos_block/6",
        "MorePlanet:phobos_block/7",
        "MorePlanet:pluto_block/4",
        "MorePlanet:pluto_block/5",
        "MorePlanet:pluto_block/6",
        "MorePlanet:pluto_block/7",
        "MorePlanet:polongnius_block/4",
        "MorePlanet:polongnius_block/5",
        "MorePlanet:polongnius_block/6",
        "MorePlanet:polongnius_block/7",
        "MorePlanet:polongnius_block/8",
        "MorePlanet:sirius_block/4",
        "MorePlanet:sirius_block/5",
        "MorePlanet:sirius_block/6",
        "MorePlanet:venus_block/4",
        "MorePlanet:venus_block/5",
        "MorePlanet:venus_block/6",
        "MorePlanet:venus_block/7",
        "MorePlanet:venus_block/8",
        "MorePlanet:venus_block/9",
        "MorePlanet:venus_block/10",
        "MorePlanet:venus_redstone_ore/0",
        "appliedenergistics2:tile.OreQuartz/0",
        "appliedenergistics2:tile.OreQuartzCharged/0",
        "enviromine:flammablecoal/0",
        "hbm:tile.basalt_asbestos/0",
        "hbm:tile.basalt_fluorite/0",
        "hbm:tile.basalt_gem/0",
        "hbm:tile.basalt_sulfur/0",
        "hbm:tile.cluster_aluminium/0",
        "hbm:tile.cluster_copper",
        "hbm:tile.cluster_depth_iron/0",
        "hbm:tile.cluster_depth_tungsten/0",
        "hbm:tile.cluster_iron/0",
        "hbm:tile.cluster_titanium",
        "hbm:tile.gravel_diamond/0",
        "hbm:tile.ore_aluminium/0",
        "hbm:tile.ore_asbestos/0",
        "hbm:tile.ore_australium/0",
        "hbm:tile.ore_beryllium/0",
        "hbm:tile.ore_cinnebar/0",
        "hbm:tile.ore_coal_oil",
        "hbm:tile.ore_coal_oil/0",
        "hbm:tile.ore_coal_oil_burning",
        "hbm:tile.ore_coal_oil_burning/0",
        "hbm:tile.ore_cobalt/0",
        "hbm:tile.ore_coltan/0",
        "hbm:tile.ore_copper/0",
        "hbm:tile.ore_daffergon/0",
        "hbm:tile.ore_depth_borax/0",
        "hbm:tile.ore_depth_cinnebar/0",
        "hbm:tile.ore_depth_nether_neodymium",
        "hbm:tile.ore_depth_nether_neodymium/0",
        "hbm:tile.ore_depth_zirconium/0",
        "hbm:tile.ore_fluorite/0",
        "hbm:tile.ore_gneiss_asbestos/0",
        "hbm:tile.ore_gneiss_copper/0",
        "hbm:tile.ore_gneiss_gold/0",
        "hbm:tile.ore_gneiss_iron/0",
        "hbm:tile.ore_gneiss_lithium/0",
        "hbm:tile.ore_gneiss_rare/0",
        "hbm:tile.ore_gneiss_schrabidium/0",
        "hbm:tile.ore_gneiss_uranium/0",
        "hbm:tile.ore_gneiss_uranium_scorched/0",
        "hbm:tile.ore_lead/0",
        "hbm:tile.ore_lignite/0",
        "hbm:tile.ore_meteor_aluminium/0",
        "hbm:tile.ore_meteor_copper/0",
        "hbm:tile.ore_meteor_lead/0",
        "hbm:tile.ore_meteor_lithium/0",
        "hbm:tile.ore_meteor_starmetal/0",
        "hbm:tile.ore_meteor_sulfur/0",
        "hbm:tile.ore_meteor_thorium/0",
        "hbm:tile.ore_meteor_titanium",
        "hbm:tile.ore_meteor_titanium/0",
        "hbm:tile.ore_meteor_tungsten/0",
        "hbm:tile.ore_meteor_uranium/0",
        "hbm:tile.ore_nether_coal",
        "hbm:tile.ore_nether_cobalt/0",
        "hbm:tile.ore_nether_fire",
        "hbm:tile.ore_nether_plutonium/0",
        "hbm:tile.ore_nether_schrabidium/0",
        "hbm:tile.ore_nether_smoldering",
        "hbm:tile.ore_nether_sulfur/0",
        "hbm:tile.ore_nether_tungsten/0",
        "hbm:tile.ore_nether_uranium",
        "hbm:tile.ore_nether_uranium/0",
        "hbm:tile.ore_nether_uranium_scorched/0",
        "hbm:tile.ore_niter/0",
        "hbm:tile.ore_rare/0",
        "hbm:tile.ore_reiium/0",
        "hbm:tile.ore_schrabidium/0",
        "hbm:tile.ore_sulfur/0",
        "hbm:tile.ore_thorium/0",
        "hbm:tile.ore_titanium/0",
        "hbm:tile.ore_tungsten/0",
        "hbm:tile.ore_unobtainium/0",
        "hbm:tile.ore_uranium/0",
        "hbm:tile.ore_uranium_scorched/0",
        "hbm:tile.ore_verticium/0",
        "hbm:tile.ore_weidanium/0",
        "libVulpes:libVulpesore0/0",
        "libVulpes:libVulpesore0/4",
        "libVulpes:libVulpesore0/5",
        "libVulpes:libVulpesore0/8",
        "libVulpes:libVulpesore0/9",
        "libVulpes:libVulpesore0/10",
        "minecraft:coal_ore",
        "minecraft:diamond_ore",
        "minecraft:emerald_ore",
        "minecraft:glowstone",
        "minecraft:gold_ore",
        "minecraft:iron_ore",
        "minecraft:lapis_ore",
        "minecraft:mossy_cobblestone",
        "minecraft:obsidian",
        "minecraft:quartz_ore",
        "minecraft:redstone_ore"
      ]
    },
    "shears": {
      "name": "Shears",
      "icon": "minecraft:shears",
      "toollist": [
        "minecraft:shears"
      ],
      "blocklist": [
        "MorePlanet:ancient_dark_leaves",
        "MorePlanet:crystal_leaves",
        "MorePlanet:fronos_leaves",
        "MorePlanet:fronos_leaves2",
        "MorePlanet:orange_leaves",
        "TwilightForest:tile.TFLeaves",
        "TwilightForest:tile.TFMagicLeaves",
        "minecraft:deadbush",
        "minecraft:leaves",
        "minecraft:leaves2",
        "minecraft:tallgrass",
        "minecraft:vine",
        "minecraft:web",
        "minecraft:wool"
      ]
    },
    "shovel": {
      "name": "Shovel",
      "icon": "minecraft:diamond_shovel",
      "toollist": [
        "appliedenergistics2:item.ToolCertusQuartzSpade",
        "appliedenergistics2:item.ToolNetherQuartzSpade",
        "minecraft:diamond_shovel",
        "minecraft:golden_shovel",
        "minecraft:iron_shovel",
        "minecraft:stone_shovel",
        "minecraft:wooden_shovel"
      ],
      "blocklist": [
        "minecraft:clay",
        "minecraft:gravel"
      ]
    }
  }
}