{
  "tools": {
    "axe": {
      "name": "Axe",
      "icon": "minecraft:diamond_axe",
      "toollist": [
        "IC2:itemToolBronzeAxe",
        "IC2:itemToolChainsaw",
        "appliedenergistics2:certus_quartz_axe",
        "appliedenergistics2:item.ToolCertusQuartzAxe",
        "appliedenergistics2:item.ToolNetherQuartzAxe",
        "appliedenergistics2:nether_quartz_axe",
        "minecraft:diamond_axe",
        "minecraft:golden_axe",
        "minecraft:iron_axe",
        "minecraft:stone_axe",
        "minecraft:wooden_axe",
        "tconstruct:hatchet"
      ],
      "blocklist": [
        "galaxyspace:barnarda_c_test_log/0",
        "harvestcraft:pamcinnamon/0",
        "harvestcraft:pammaple/0",
        "harvestcraft:pampaperbark/0",
        "ic2:leaves",
        "minecraft:fence",
        "minecraft:leaves",
        "minecraft:leaves2",
        "minecraft:log",
        "minecraft:log2",
        "tconstruct:slime_leaves",
        "zollerngalaxy:bananaleaves/0",
        "zollerngalaxy:bananalog/0",
        "zollerngalaxy:cherryleaves/0",
        "zollerngalaxy:cherrylog/0",
        "zollerngalaxy:edenwoodleaves/0",
        "zollerngalaxy:edenwoodlog/0",
        "zollerngalaxy:exoduswoodleaves/0",
        "zollerngalaxy:exoduswoodlog/0",
        "zollerngalaxy:goldenwoodleaves/0",
        "zollerngalaxy:goldenwoodlog/0",
        "zollerngalaxy:grapefruitleaves/0",
        "zollerngalaxy:grapefruitlog/0",
        "zollerngalaxy:guavaleaves/0",
        "zollerngalaxy:guavalog/0",
        "zollerngalaxy:lemonleaves/0",
        "zollerngalaxy:lemonlog/0",
        "zollerngalaxy:limeleaves/0",
        "zollerngalaxy:limelog/0",
        "zollerngalaxy:limonleaves/0",
        "zollerngalaxy:limonlog/0",
        "zollerngalaxy:lovetreeleaves/0",
        "zollerngalaxy:lovetreelog/0",
        "zollerngalaxy:orangeleaves/0",
        "zollerngalaxy:orangelog/0",
        "zollerngalaxy:palmwoodleaves/0",
        "zollerngalaxy:palmwoodlog/0",
        "zollerngalaxy:paradisewoodleaves/0",
        "zollerngalaxy:paradisewoodlog/0",
        "zollerngalaxy:peachleaves/0",
        "zollerngalaxy:peachlog/0"
      ]
    },
    "hoe": {
      "name": "Hoe",
      "icon": "minecraft:diamond_hoe",
      "toollist": [
        "IC2:itemToolBronzeHoe",
        "appliedenergistics2:certus_quartz_hoe",
        "appliedenergistics2:item.ToolCertusQuartzHoe",
        "appliedenergistics2:item.ToolNetherQuartzHoe",
        "appliedenergistics2:nether_quartz_hoe",
        "minecraft:diamond_hoe",
        "minecraft:golden_hoe",
        "minecraft:iron_hoe",
        "minecraft:stone_hoe",
        "minecraft:wooden_hoe",
        "tconstruct:mattock"
      ],
      "blocklist": [
        "minecraft:carrots",
        "minecraft:melon_block",
        "minecraft:potatoes",
        "minecraft:pumpkin",
        "minecraft:wheat"
      ]
    },
    "pickaxe": {
      "name": "Pickaxe",
      "icon": "minecraft:diamond_pickaxe",
      "toollist": [
        "IC2:itemToolBronzePickaxe",
        "IC2:itemToolDDrill",
        "IC2:itemToolDrill",
        "IC2:itemToolIridiumDrill",
        "appliedenergistics2:certus_quartz_pickaxe",
        "appliedenergistics2:item.ToolCertusQuartzPickaxe",
        "appliedenergistics2:item.ToolNetherQuartzPickaxe",
        "appliedenergistics2:nether_quartz_pickaxe",
        "minecraft:diamond_pickaxe",
        "minecraft:golden_pickaxe",
        "minecraft:iron_pickaxe",
        "minecraft:stone_pickaxe",
        "minecraft:wooden_pickaxe",
        "tconstruct:pickaxe"
      ],
      "blocklist": [
        "appliedenergistics2:charged_quartz_ore/0",
        "appliedenergistics2:quartz_ore/0",
        "bigreactors:oreanglesite/0",
        "bigreactors:orebenitoite/0",
        "bigreactors:oreyellorite/0",
        "galacticraftcore:basic_block_core/5",
        "galacticraftcore:basic_block_core/6",
        "galacticraftcore:basic_block_core/7",
        "galacticraftcore:basic_block_core/8",
        "galacticraftcore:basic_block_moon/0",
        "galacticraftcore:basic_block_moon/1",
        "galacticraftcore:basic_block_moon/2",
        "galacticraftplanets:asteroids_block/3",
        "galacticraftplanets:asteroids_block/4",
        "galacticraftplanets:asteroids_block/5",
        "galacticraftplanets:mars/0",
        "galacticraftplanets:mars/1",
        "galacticraftplanets:mars/2",
        "galacticraftplanets:mars/3",
        "galacticraftplanets:venus/6",
        "galacticraftplanets:venus/7",
        "galacticraftplanets:venus/8",
        "galacticraftplanets:venus/9",
        "galacticraftplanets:venus/10",
        "galacticraftplanets:venus/11",
        "galacticraftplanets:venus/13",
        "galaxyspace:barnarda_c_ores/0",
        "galaxyspace:barnarda_c_ores/1",
        "galaxyspace:barnarda_c_ores/2",
        "galaxyspace:barnarda_c_ores/3",
        "galaxyspace:barnarda_c_ores/4",
        "galaxyspace:barnarda_c_ores/5",
        "galaxyspace:barnarda_c_ores/6",
        "galaxyspace:barnarda_c_ores/7",
        "galaxyspace:barnarda_c_ores/8",
        "galaxyspace:barnarda_c_ores/9",
        "galaxyspace:barnarda_c_ores/10",
        "galaxyspace:barnarda_c_ores/11",
        "galaxyspace:barnarda_c_ores/12",
        "galaxyspace:ceresblocks/2",
        "galaxyspace:ceresblocks/3",
        "galaxyspace:enceladusblocks/2",
        "galaxyspace:europablocks/3",
        "galaxyspace:europablocks/4",
        "galaxyspace:europablocks/5",
        "galaxyspace:ganymedeblocks/2",
        "galaxyspace:ganymedeblocks/3",
        "galaxyspace:gsores/0",
        "galaxyspace:gsores/1",
        "galaxyspace:gsores/2",
        "galaxyspace:haumeablocks/3",
        "galaxyspace:ioblocks/3",
        "galaxyspace:ioblocks/4",
        "galaxyspace:ioblocks/5",
        "galaxyspace:marsores/0",
        "galaxyspace:marsores/1",
        "galaxyspace:marsores/2",
        "galaxyspace:marsores/3",
        "galaxyspace:marsores/4",
        "galaxyspace:marsores/5",
        "galaxyspace:mercuryblocks/3",
        "galaxyspace:mercuryblocks/4",
        "galaxyspace:mercuryblocks/5",
        "galaxyspace:mirandablocks/3",
        "galaxyspace:mirandablocks/4",
        "galaxyspace:mirandablocks/5",
        "galaxyspace:mirandablocks/6",
        "galaxyspace:mirandablocks/7",
        "galaxyspace:mirandablocks/8",
        "galaxyspace:proxima_b_blocks/5",
        "galaxyspace:proxima_b_blocks/6",
        "galaxyspace:proxima_b_blocks/7",
        "galaxyspace:proxima_b_blocks/8",
        "galaxyspace:proxima_b_blocks/9",
        "galaxyspace:proxima_b_blocks/10",
        "galaxyspace:titanblocks/3",
        "galaxyspace:titanblocks/4",
        "galaxyspace:titanblocks/5",
        "galaxyspace:titanblocks/6",
        "galaxyspace:titanblocks/7",
        "galaxyspace:titanblocks/8",
        "ic2:resource/1",
        "ic2:resource/2",
        "ic2:resource/3",
        "ic2:resource/4",
        "minecraft:coal_ore",
        "minecraft:cobblestone_wall",
        "minecraft:diamond_ore",
        "minecraft:emerald_ore",
        "minecraft:glowstone",
        "minecraft:gold_ore",
        "minecraft:iron_ore",
        "minecraft:lapis_ore",
        "minecraft:lit_redstone_ore",
        "minecraft:mossy_cobblestone",
        "minecraft:nether_brick_fence",
        "minecraft:obsidian",
        "minecraft:quartz_ore",
        "minecraft:redstone_ore",
        "pyrotech:dense_nether_coal_ore/0",
        "tconstruct:ore/0",
        "tconstruct:ore/1",
        "zollerngalaxy:altumamaranthore/0",
        "zollerngalaxy:altumcoalore/0",
        "zollerngalaxy:altumdiamondore/0",
        "zollerngalaxy:altumeveniumore/0",
        "zollerngalaxy:altumgoldore/0",
        "zollerngalaxy:altumironore/0",
        "zollerngalaxy:altumredstoneore/0",
        "zollerngalaxy:altumzollerniumore/0",
        "zollerngalaxy:astroscoalore/0",
        "zollerngalaxy:astrosdiamondore/0",
        "zollerngalaxy:astrosemeraldore/0",
        "zollerngalaxy:astrosgoldore/0",
        "zollerngalaxy:astrosironore/0",
        "zollerngalaxy:astrosredstoneore/0",
        "zollerngalaxy:astrossapphireore/0",
        "zollerngalaxy:astrossuperchargedcoalore/0",
        "zollerngalaxy:astrostinore/0",
        "zollerngalaxy:astroszollerniumore/0",
        "zollerngalaxy:atheonamaranthore/0",
        "zollerngalaxy:atheondiamondore/0",
        "zollerngalaxy:atheonredstoneore/0",
        "zollerngalaxy:atheontinore/0",
        "zollerngalaxy:atheonzincore/0",
        "zollerngalaxy:atheonzollerniumore/0",
        "zollerngalaxy:caligroamaranthore/0",
        "zollerngalaxy:caligroamberore/0",
        "zollerngalaxy:caligroaquaore/0",
        "zollerngalaxy:caligrocopperore/0",
        "zollerngalaxy:caligrodiamondore/0",
        "zollerngalaxy:caligroemeraldore/0",
        "zollerngalaxy:caligrofueltoniumore/0",
        "zollerngalaxy:caligrogarnetore/0",
        "zollerngalaxy:caligrogoldore/0",
        "zollerngalaxy:caligroironore/0",
        "zollerngalaxy:caligrolapisore/0",
        "zollerngalaxy:caligroleadore/0",
        "zollerngalaxy:caligronickelore/0",
        "zollerngalaxy:caligroopalore/0",
        "zollerngalaxy:caligroradiumore/0",
        "zollerngalaxy:caligroredstoneore/0",
        "zollerngalaxy:caligrorubyore/0",
        "zollerngalaxy:caligroshiniumore/0",
        "zollerngalaxy:caligrosilverore/0",
        "zollerngalaxy:caligrosuperchargedcoalore/0",
        "zollerngalaxy:caligrotinore/0",
        "zollerngalaxy:caligrotopazore/0",
        "zollerngalaxy:caligrozincore/0",
        "zollerngalaxy:centofueltoniumore/0",
        "zollerngalaxy:centogoldore/0",
        "zollerngalaxy:centoironore/0",
        "zollerngalaxy:centoshiniumore/0",
        "zollerngalaxy:centozollerniumore/0",
        "zollerngalaxy:corruptascendiumore/0",
        "zollerngalaxy:corruptchargiumore/0",
        "zollerngalaxy:corruptetriumore/0",
        "zollerngalaxy:edenaluminumore/0",
        "zollerngalaxy:edenbronzeore/0",
        "zollerngalaxy:edencoalore/0",
        "zollerngalaxy:edencobaltore/0",
        "zollerngalaxy:edencopperore/0",
        "zollerngalaxy:edendeshore/0",
        "zollerngalaxy:edendiamondore/0",
        "zollerngalaxy:edenelectrumore/0",
        "zollerngalaxy:edenemeraldore/0",
        "zollerngalaxy:edeneveniumore/0",
        "zollerngalaxy:edengoldore/0",
        "zollerngalaxy:edenheartiumore/0",
        "zollerngalaxy:edeninvarore/0",
        "zollerngalaxy:edenironore/0",
        "zollerngalaxy:edenlapisore/0",
        "zollerngalaxy:edenleadore/0",
        "zollerngalaxy:edenmeteoricironore/0",
        "zollerngalaxy:edennickleore/0",
        "zollerngalaxy:edenplatinumore/0",
        "zollerngalaxy:edenredstoneore/0",
        "zollerngalaxy:edensilverore/0",
        "zollerngalaxy:edensteelore/0",
        "zollerngalaxy:edentinore/0",
        "zollerngalaxy:edenviriore/0",
        "zollerngalaxy:exoduscopperore/0",
        "zollerngalaxy:exodusdiamondore/0",
        "zollerngalaxy:exodusgoldore/0",
        "zollerngalaxy:exodusironore/0",
        "zollerngalaxy:exodusredstoneore/0",
        "zollerngalaxy:harranamaranthore/0",
        "zollerngalaxy:harranamberore/0",
        "zollerngalaxy:harranaquamarineore/0",
        "zollerngalaxy:harranfueltoniumore/0",
        "zollerngalaxy:harrangarnetore/0",
        "zollerngalaxy:harranopalore/0",
        "zollerngalaxy:harranrubyore/0",
        "zollerngalaxy:harransapphireore/0",
        "zollerngalaxy:harransuperchargedcoalore/0",
        "zollerngalaxy:harrantopazore/0",
        "zollerngalaxy:harranzincore/0",
        "zollerngalaxy:kriffcoalore/0",
        "zollerngalaxy:kriffcobaltore/0",
        "zollerngalaxy:kriffcopperore/0",
        "zollerngalaxy:kriffgoldore/0",
        "zollerngalaxy:kriffironore/0",
        "zollerngalaxy:kriffredstoneore/0",
        "zollerngalaxy:netheramaranthore/0",
        "zollerngalaxy:nethercoalore/0",
        "zollerngalaxy:nethercopperore/0",
        "zollerngalaxy:netherdiamondore/0",
        "zollerngalaxy:netheremeraldore/0",
        "zollerngalaxy:netherfueltoniumore/0",
        "zollerngalaxy:nethergoldore/0",
        "zollerngalaxy:netherironore/0",
        "zollerngalaxy:netherlapisore/0",
        "zollerngalaxy:netherleadore/0",
        "zollerngalaxy:nethernickelore/0",
        "zollerngalaxy:netherredstoneore/0",
        "zollerngalaxy:netherrubyore/0",
        "zollerngalaxy:nethersapphireore/0",
        "zollerngalaxy:nethershiniumore/0",
        "zollerngalaxy:nethersilverore/0",
        "zollerngalaxy:nethersteelore/0",
        "zollerngalaxy:nethersuperchargedcoalore/0",
        "zollerngalaxy:nethertinore/0",
        "zollerngalaxy:netherzincore/0",
        "zollerngalaxy:oasiscoalore/0",
        "zollerngalaxy:oasisdiamondore/0",
        "zollerngalaxy:oasisgoldore/0",
        "zollerngalaxy:oasisironore/0",
        "zollerngalaxy:oasisleadore/0",
        "zollerngalaxy:oasisredstoneore/0",
        "zollerngalaxy:oasissuperchargedcoalore/0",
        "zollerngalaxy:oasistinore/0",
        "zollerngalaxy:perddiamondore/0",
        "zollerngalaxy:perdetriumore/0",
        "zollerngalaxy:perdfueltoniumore/0",
        "zollerngalaxy:perdgoldore/0",
        "zollerngalaxy:perdironore/0",
        "zollerngalaxy:perdzollerniumore/0",
        "zollerngalaxy:purgaluminumore/0",
        "zollerngalaxy:purgcobaltore/0",
        "zollerngalaxy:purgcopperore/0",
        "zollerngalaxy:purgdiamondore/0",
        "zollerngalaxy:purgemeraldore/0",
        "zollerngalaxy:purgeveniumore/0",
        "zollerngalaxy:purggoldore/0",
        "zollerngalaxy:purgironore/0",
        "zollerngalaxy:purgleadore/0",
        "zollerngalaxy:purgmeteoricironore/0",
        "zollerngalaxy:purgredstoneore/0",
        "zollerngalaxy:purgtinore/0",
        "zollerngalaxy:raditeore/0",
        "zollerngalaxy:tlaloccertusquartzore/0",
        "zollerngalaxy:tlalocfluixore/0",
        "zollerngalaxy:tlalocfueltoniumore/0",
        "zollerngalaxy:tlalocplutoniumore/0",
        "zollerngalaxy:tlalocquartzore/0",
        "zollerngalaxy:tlalocredstoneore/0",
        "zollerngalaxy:tlalocshiniumore/0",
        "zollerngalaxy:tlalocsuperchargedcoalore/0",
        "zollerngalaxy:tlaloczollerniumore/0",
        "zollerngalaxy:tociamaranthore/0",
        "zollerngalaxy:tocibronzeore/0",
        "zollerngalaxy:tocicoalore/0",
        "zollerngalaxy:tocicopperore/0",
        "zollerngalaxy:tocidiamondore/0",
        "zollerngalaxy:tociemeraldore/0",
        "zollerngalaxy:tocifueltoniumore/0",
        "zollerngalaxy:tocigoldore/0",
        "zollerngalaxy:tociironore/0",
        "zollerngalaxy:tocileadore/0",
        "zollerngalaxy:tocinickelore/0",
        "zollerngalaxy:tociquartzore/0",
        "zollerngalaxy:tociredstoneore/0",
        "zollerngalaxy:tocisilverore/0",
        "zollerngalaxy:tocisupercoalore/0",
        "zollerngalaxy:tocitinore/0",
        "zollerngalaxy:tocizincore/0",
        "zollerngalaxy:vortexcopperore/0",
        "zollerngalaxy:vortexdiamondore/0",
        "zollerngalaxy:vortexeveniumore/0",
        "zollerngalaxy:vortexfueltoniumore/0",
        "zollerngalaxy:vortexgoldore/0",
        "zollerngalaxy:vortexironore/0",
        "zollerngalaxy:vortexredstoneore/0",
        "zollerngalaxy:vortexsuperchargedcoalore/0",
        "zollerngalaxy:witheriteore/0",
        "zollerngalaxy:xantheonamaranthore/0",
        "zollerngalaxy:xantheoncoalore/0",
        "zollerngalaxy:xantheoncopperore/0",
        "zollerngalaxy:xantheonfueltoniumore/0",
        "zollerngalaxy:xantheonironore/0",
        "zollerngalaxy:xantheonnickelore/0",
        "zollerngalaxy:xantheonplutoniumore/0",
        "zollerngalaxy:xathazuriteore/0",
        "zollerngalaxy:xathdiamondore/0",
        "zollerngalaxy:xathemeraldore/0",
        "zollerngalaxy:xathgoldore/0",
        "zollerngalaxy:xathironore/0",
        "zollerngalaxy:xathprometheanore/0",
        "zollerngalaxy:xathredstoneore/0",
        "zollerngalaxy:xathtinore/0",
        "zollerngalaxy:zaniumore/0",
        "zollerngalaxy:zogiteore/0",
        "zollerngalaxy:zolcoalore/0",
        "zollerngalaxy:zolcopperore/0",
        "zollerngalaxy:zolgoldore/0",
        "zollerngalaxy:zolheartore/0",
        "zollerngalaxy:zolironore/0",
        "zollerngalaxy:zoltinore/0"
      ]
    },
    "shears": {
      "name": "Shears",
      "icon": "minecraft:shears",
      "toollist": [
        "IC2:itemToolBronzeHoe",
        "minecraft:shears"
      ],
      "blocklist": [
        "ic2:leaves",
        "minecraft:deadbush",
        "minecraft:leaves",
        "minecraft:leaves2",
        "minecraft:tallgrass",
        "minecraft:vine",
        "minecraft:web",
        "minecraft:wool",
        "tconstruct:slime_leaves",
        "zollerngalaxy:bananaleaves/0",
        "zollerngalaxy:cherryleaves/0",
        "zollerngalaxy:edenwoodleaves/0",
        "zollerngalaxy:exoduswoodleaves/0",
        "zollerngalaxy:goldenwoodleaves/0",
        "zollerngalaxy:grapefruitleaves/0",
        "zollerngalaxy:guavaleaves/0",
        "zollerngalaxy:lemonleaves/0",
        "zollerngalaxy:limeleaves/0",
        "zollerngalaxy:limonleaves/0",
        "zollerngalaxy:lovetreeleaves/0",
        "zollerngalaxy:orangeleaves/0",
        "zollerngalaxy:palmwoodleaves/0",
        "zollerngalaxy:paradisewoodleaves/0",
        "zollerngalaxy:peachleaves/0"
      ]
    },
    "shovel": {
      "name": "Shovel",
      "icon": "minecraft:diamond_shovel",
      "toollist": [
        "IC2:itemToolBronzeSpade",
        "appliedenergistics2:item.ToolCertusQuartzSpade",
        "appliedenergistics2:item.ToolNetherQuartzSpade",
        "minecraft:diamond_shovel",
        "minecraft:golden_shovel",
        "minecraft:iron_shovel",
        "minecraft:stone_shovel",
        "minecraft:wooden_shovel",
        "tconstruct:mattock",
        "tconstruct:shovel"
      ],
      "blocklist": [
        "minecraft:clay",
        "minecraft:gravel"
      ]
    }
  }
}